D,e,u,t,s,c,h,e,r,_,1,7
I,t,s,c,h,i,1
L,e,p,a,n,t,o,_
L,u,i,s,a,_,M,a,l,e,t,z,k,i
k,e,v,i,n,_,h,e,v,i,n,_,2,1
g,e,r,l,e,x
E,l,d,o,n,N,i,c,k
W,i,l,h,e,l,m,_,K,o,e,r,n,e,r
a,k,a,_,G,a,n,y,m,e,d
p,h,a,l,a,n,x,_,e,u,r,o,p,a
r,u,h,r,_,a,r,e,a,5,1
R,o,s,s,k,a,r,1
_,e,n,o,c,h,w,a,s,r,i,g,h,t
T,h,e,o,d,o,r,e,t,i,k,e,r
r,e,a,l,N,E,W,Z,B,L,O,G
',D,e,u,t,s,c,h,e,r,_,1,7,',","
',I,t,s,c,h,i,1,',","
',L,e,p,a,n,t,o,_,',","
',L,u,i,s,a,_,M,a,l,e,t,z,k,i,',","
',k,e,v,i,n,_,h,e,v,i,n,_,2,1,',","
',g,e,r,l,e,x,',","
',E,l,d,o,n,N,i,c,k,',","
',W,i,l,h,e,l,m,_,K,o,e,r,n,e,r,',","
',a,k,a,_,G,a,n,y,m,e,d,',","
',p,h,a,l,a,n,x,_,e,u,r,o,p,a,',","
',r,u,h,r,_,a,r,e,a,5,1,',","
',R,o,s,s,k,a,r,1,',","
',_,e,n,o,c,h,w,a,s,r,i,g,h,t,',","
',T,h,e,o,d,o,r,e,t,i,k,e,r,',","
',r,e,a,l,N,E,W,Z,B,L,O,G,',","
',s,u,p,e,r,m,a,m,p,f,',","
',R,M,i,c,h,a,e,l,2,0,0,0,',","
',k,e,k,d,i,c,h,',","
',e,n,y,t,h,e,n,',","
',p,o,l,i,t,o,r,e,a,l,i,t,y,',","
',C,h,r,e,u,p,e,r,',","
',J,e,b,_,I,d,e,n,t,',","
',a,s,o,r,e,n,t,',","
',t,r,u,e,Y,4,K,',","
',M,e,r,k,e,l,F,a,n,6,6,6,',","
',T,e,u,t,e,m,a,n,T,u,t,s,',","
',L,o,r,d,Z,e,n,t,r,u,m,',","
',T,h,e,D,e,f,i,4,n,t,',","
',H,e,i,l,i,g,e,R,e,v,o,l,t,e,',","
',P,a,g,a,n,a,e,r,',","
',L,a,n,g,e,R,I,I,',","
',f,r,a,n,z,i,s,k,a,m,1,0,8,',","
',P,e,p,e,B,i,s,m,a,r,c,k,',","
',L,u,d,w,i,g,E,r,h,a,r,d,2,',","
',U,r,l,e,e,r,e,',","
',N,o,r,i,k,N,o,r,d,l,i,c,h,t,',","
',k,o,e,t,e,r,r,a,s,s,e,',","
',a,n,a,l,o,g,s,u,b,g,r,o,u,n,d,',","
',S,i,l,g,e,t,o,w,n,',","
',m,i,c,k,_,d,e,n,i,s,',","
',R,o,b,e,r,t,3,0,5,2,1,6,0,5,',","
',M,e,t,a,d,i,s,k,u,r,s,1,',","
',D,e,r,N,e,r,v,e,n,a,r,z,t,',","
',R,h,e,i,n,p,f,e,i,l,6,7,',","
',a,l,d,3,r,s,0,n,',","
',F,a,t,i,m,a,_,N,a,j,a,r,',","
',V,i,s,i,t,h,o,r,Q,',","
',B,e,r,u,n,d,o,K,u,n,',","
',S,t,e,f,a,n,_,R,W,8,4,',","
',E,_,F,a,l,l,_,P,l,a,n,e,r,',","
',T,i,u,r,i,1,9,8,3,',","
',d,g,s,p,o,r,t,l,e,r,',","
',W,i,d,e,r,s,t,a,n,d,3,',","
',r,e,a,l,P,e,t,e,r,V,',","
',d,e,_,e,w,a,k,e,',","
',I,d,e,n,t,i,t,a,r,i,a,n,L,',","
',Q,u,b,i,t,u,s,Q,',","
',C,h,r,i,s,s,o,J,a,c,o,b,s,e,n,',","
',1,4,0,7,j,u,l,e,',","
',R,G,L,a,r,p,1,2,',","
',J,o,h,a,n,n,_,W,e,i,l,e,r,',","
',A,n,o,n,y,m,f,o,r,F,r,e,d,o,m,',","
',M,a,r,t,i,n,N,e,u,b,a,u,e,1,0,',","
',e,r,1,k,_,w,',","
',A,u,f,k,l,r,e,r,1,',","
',e,i,n,s,m,a,n,n,i,m,m,o,n,d,',","
',K,e,k,_,v,o,n,_,D,',","
',g,r,i,m,m,_,g,r,i,m,m,1,',","
',S,v,e,n,j,a,0,1,2,',","
',K,i,m,m,y,B,e,r,t,s,c,h,',","
',M,a,l,W,i,e,d,e,r,_,r,e,a,l,',","
',M,a,x,P,a,n,2,1,0,6,4,5,1,5,',","
',P,a,u,l,A,b,r,8,9,0,8,9,9,6,1,',","
',A,l,b,e,r,t,D,e,n,i,l,z,e,r,',","
',S,h,i,m,m,y,_,r,y,h,m,e,s,',","
',H,a,d,d,a,d,A,l,a,m,',","
',T,S,_,Q,u,i,n,t,',","
',A,n,n,i,N,y,i,r,f,a,',","
',T,h,i,s,I,s,E,u,r,o,p,a,8,4,',","
',M,j,o,e,l,n,i,r,1,6,',","
',N,e,r,o,V,o,n,A,a,r,f,e,s,t,e,',","
',R,e,n,a,t,e,B,i,l,l,e,r,',","
',V,e,n,a,t,o,r,e,z,z,',","
',A,b,d,u,l,M,a,n,s,o,o,r,0,1,',","
',V,e,r,g,e,s,s,l,i,c,h,r,',","
',V,i,e,r,5,1,',","
',B,e,n,d,e,r,1,4,5,2,8,8,',","
',N,a,m,H,u,m,a,n,u,m,',","
',1,9,8,9,_,b,a,s,t,i,',","
',f,r,a,n,k,_,s,e,i,n,e,r,',","
',F,i,m,u,1,5,2,',","
',l,u,m,i,_,i,b,',","
',p,e,t,r,o,s,_,e,l,',","
',M,i,c,h,a,e,l,S,e,l,l,n,e,1,1,',","
',K,a,i,s,e,r,v,o,n,G,o,t,t,I,I,',","
',t,u,e,r,i,n,g,i,2,4,9,7,2,',","
',A,l,f,r,e,d,t,h,e,2,n,d,',","
',a,n,c,o,r,i,n,a,n,',","
',a,f,f,e,n,z,i,r,k,u,s,x,',","
',T,w,i,n,t,e,r,b,i,',","
',G,e,r,S,o,e,r,e,n,',","
',I,K,H,a,m,m,e,r,',","
',I,c,h,_,I,c,h,s,e,n,',","
',H,e,i,n,z,1,0,X,',","
',C,l,a,u,d,i,a,_,H,i,n,2,4,',","
',A,l,e,x,8,4,4,2,6,5,5,2,',","
',P,o,l,i,t,i,k,u,n,v,e,r,d,r,1,',","
',U,l,t,i,m,o,_,R,a,t,i,o,2,8,',","
',A,f,D,s,u,p,p,5,5,',","
',N,i,c,o,1,9,9,9,g,',","
',H,a,n,n,e,s,R,a,u,n,h,a,u,s,',","
',v,i,z,i,o,n,p,a,t,',","
',P,a,t,R,i,o,t,7,6,7,',","
',h,h,1,1,9,9,3,3,',","
',F,r,e,i,e,r,K,e,k,',","
',v,e,n,d,e,t,t,a,f,s,n,r,e,v,',","
',n,i,c,k,y,_,c,h,e,l,l,i,',","
',H,i,l,d,e,g,a,4,2,6,0,7,9,1,6,',","
',M,o,r,r,i,g,a,i,n,2,0,1,7,',","
',e,p,i,p,h,y,t,',","
',K,r,u,z,i,f,i,z,i,e,r,t,',","
',W,e,r,w,o,l,f,_,G,E,R,',","
',N,e,w,R,h,e,i,n,b,e,r,g,e,r,',","
',M,a,r,i,o,_,S,i,n,1,2,',","
',n,i,k,l,a,s,_,e,e,',","
',m,u,l,m,i,u,s,',","
',F,i,v,e,F,a,k,e,r,',","
',H,e,i,d,e,g,g,e,r,N,o,w,',","
',g,_,o,s,c,h,i,',","
',G,e,r,m,a,n,i,c,u,s,M,a,x,u,s,',","
',M,i,s,s,S,a,l,a,n,d,e,r,8,8,',","
',P,e,t,e,r,B,e,r,g,m,a,n,n,1,4,',","
',L,A,R,P,i,n,g,K,r,a,u,t,',","
',F,r,i,e,d,r,i,c,h,s,O,r,d,e,n,',","
',A,m,y,g,d,a,l,a,7,1,2,',","
',A,l,e,x,H,a,n,n,o,i,1,8,9,6,',","
',M,a,r,i,u,s,1,0,9,4,',","
',F,e,u,e,r,i,f,r,i,t,G,',","
',T,r,a,g,e,t,r,e,u,e,t,r,a,c,h,',","
',S,i,l,v,e,r,m,a,c,h,i,n,e,2,4,',","
',A,n,c,h,a,r,d,A,r,a,n,',","
',M,i,c,K,u,r,t,i,',","
',H,e,r,m,a,n,n,1,8,7,0,',","
',D,a,n,i,e,l,I,I,I,3,',","
',J,o,a,n,a,C,o,t,a,r, ,',","
',Y,u,m,a,_,l,e,i,n, ,',","
',N,o,b,i,l,e,S,e,b,a, ,',","
',J,u,n,g,e,_,F,r,e,i,h,e,i,t, ,',","
',S,o,m,e,X,T, ,',","
',A,P,a,t,z,w,a,h,l, ,',","
',S,t,e,i,n,b,a,c,h,E,r,i,k,a, ,',","
',n,e,u,t,h,f,e,r, ,',","
',c,h,r,i,s,t,i,a,n,l,u,e,t,h, ,',","
',v,e,s,p,a,s,i,a,n,u,s,6,9,b,c, ,',","
',A,f,D,K,o,m,p,a,k,t, ,',","
',F,r,a,u,k,e,P,e,t,r,y, ,',","
',r,i,3,d,l, ,',","
',M,a,r,t,i,n,_,S,e,l,l,n,e,r, ,',","
',A,f,D,_,S,u,p,p,o,r,t, ,',","
',h,u,l,d,a,v,e,2,3, ,',","
',a,u,f,k,l,a,e,r,e,r,2,0,1,7, ,',","
',B,j,o,e,r,n,H,o,e,c,k,e, ,',","
',P,a,t,r,i,c,k,L,e,n,a,r,t, ,',","
',S,h,a,k,R,i,e,t, ,',","
',E,s,t,e,l,l,e,S,m,i,t,h,6,4, ,',","
',U,b,b,e,l,o,h,d,e,B,e,r,l,i,n, ,',","
',l,a,w,y,e,r,b,e,r,l,i,n, ,',","
',D,r,D,a,v,i,d,B,e,r,g,e,r, ,',","
',H,a,r,t,e,s,_,G,e,l,d, ,',","
',A,f,D,_,C,h,a,n, ,',","
',R,e,n,e,T,r,u,n,i,n,g,e,r, ,',","
',M,i,r,i,a,m,O,z,e,n, ,',","
',P,a,u,l,e,H,a,s,i,1,3, ,',","
',D,e,r,K,o,m,m,e,n,t,i,e,r,e,r, ,',","
',P,o,g,g,e,n,b,u,r,g,A,n,d,r,e, ,',","
',K,r,a,n,z,s,c,h,w,i,n,g,e,r, ,',","
',B,e,d,b,_,P,u,e,t,z, ,',","
',H,u,g,h,B,r,o,n,s,o,n,_,A,f,D, ,',","
',h,a,r,a,l,d,l,a,a,t,s,c,h, ,',","
',p,o,l,i,t,o,r,e,a,l,i,t,y, ,',","
',T,h,o,m,a,s,G,r,a,l,l,l,a, ,',","
',h,a,m,a,r,o,7,7,7, ,',","
',J,o,e,y,G,e,r,l,a,c,h, ,',","
',J,o,e,r,g,_,M,e,u,t,h,e,n, ,',","
',d,u,s,h,a,n,w,e,g,n,e,r, ,',","
',I,n,g,o,N,o,r,g,e, ,',","
',A,f,D,_,B,v,_,H,H,_,N,o,r,d, ,',","
',A,f,D,F,r,a,k,t,i,o,n,A,G,H, ,',","
',r,o,v,e,_,w,e, ,',","
',B,e,a,t,r,i,x,_,v,S,t,o,r,c,h, ,',","
',O,l,i,v,e,r,J,a,n,i,c,h, ,',","
',k,r,i,p,p,m,a,r,i,e, ,',","
',k,r,k,9,7,9, ,',","
',A,f,D, ,',","
',L,a,u,r,a,_,i,n,_,J,o,y, ,',","
',V,a,r,g,_,I,_,V,e,u,m, ,',","
',S,o,r,t,e,x, ,',","
',d,j,r,p,g,l,o,l, ,',","
',G,t,z,F,r,m,m,i,n,g, ,',","
',F,r,a,n,k,_,P,a,s,e,m,a,n,n, ,',","
',C,O,M,P,A,C,T,M,a,g,a,z,i,n, ,',","
',R,o,l,a,n,d,T,i,c,h,y, ,',","
',J,S,t,a,l,t,e,n,b,e,r,g,',","
',G,r,a,l,s,_,H,u,e,t,e,r,',","
',P,a,s,t,i,l,l,e,n,F,e,l,i,x,x,',","
',P,_,I,',","
',w,e,g,m,i,t,s,p,a,m,2,',","
',p,e,t,e,r,b,e,t,a,6,9,',","
',R,a,t,I,n,Y,o,u,r,B,o,o,t,',","
',I,s,i,d,o,r,M,e,y,e,r,1,',","
',M,e,c,k,e,r,s,c,h,w,a,b,e,',","
',r,e,l,i,e,p,_,d,a,v,e,',","
',E,m,p,f,e,h,l,u,n,g,1,',","
',O,d,m,a,n,t,S,u,p,e,r,s,t,a,r,',","
',F,c,m,M,i,c,h,a,1,',","
',t,h,e,o,t,h,e,r,r,o,o,t,s,',","
',r,o,l,f,_,w,a,l,s,e,r,',","
',m,e,p,h,i,s,t,o,p,h,i,',","
',R,i,f,t,H,e,r,a,l,d,i,n,e,',","
',A,f,D,_,H,D,',","
',p,a,c,k,o,f,a,n,t,',","
',R,a,u,t,e,D,e,s,G,r,a,u,e,n,s,',","
',E,u,r,o,p,o,l,i,t,i,k,u,m,',","
',F,r,e,i,e,s,N,e,t,z,H,a,r,z,',","
',j,u,n,k,d,e,1,7,',","
',m,o,n,t,a,g,s,d,e,m,o,G,I,D,A,',","
',R,a,m,b,o,n,e,l,l,i,',","
',k,o,s,s,o,n,o,s,o,w,',","
',g,u,n,f,u,n,n,e,r,',","
',T,h,u,l,e,E,r,i,k,',","
',A,c,h,i,m,W,',","
',K,o,s,c,h,d,a,7,7,',","
',A,d,v,e,n,t,u,r,e,_,O,s,t,',","
',a,n,u,r,_,c,h,r,i,k,',","
',T,P,E,s,s,e,n,',","
',A,b,a,g,n,a,l,e,F,',","
',k,u,g,e,l,f,i,s,c,h,',","
',p,l,a,s,t,i,c,f,i,n,g,e,r,',","
',l,i,b,e,r,t,y,2,k,1,5,',","
',b,r,a,n,d,e,n,b,u,r,g,D,E,',","
',E,n,g,l,e,r,M,D,',","
',s,x,2,0,0,a,',","
',s,i,t,a,r,a,6,9,5,',","
',V,i,v,i,_,V,i,r,t,u,a,l,',","
',F,r,a,n,z,C,h,r,i,s,t,i,a,1,5,',","
',F,r,a,u,_,A,l,3,X,',","
',m,a,n,z,i,n,u,s,6,6,',","
',g,e,r,r,y,6,8,6,8,',","
',C,a,r,l,_,_,_,_,_,S,m,i,t,h,',","
',x,e,l,a,_,j,e,n,a,',","
',r,o,e,m,1,2,1,2,',","
',w,a,s,i,s,t,z,e,i,t,g,e,i,s,t,',","
',B,R,a,d,s,a,v,l,j,e,v,i,c,',","
',M,V,a,l,l,e,n,d,a,r,',","
',P,o,p,u,l,i,s,t,1,2,3,4,',","
',t,w,e,e,c,i,x,',","
',Z,e,i,t,_,f,u,e,r,_,A,f,D,',","
',C,a,r,o,l,a,M,e,r,t,i,n,',","
',m,o,n,g,o,j,u,n,g,e,',","
',B,u,r,s,c,h,e,n,s,c,h,a,f,t,',","
',F,a,l,c,o,n,s,m,e,m,b,e,r,',","
',m,r,g,o,o,d,n,e,w,s,',","
',T,h,o,r,O,d,i,n,s,o,n,D,R,',","
',S,e,i,n,s,c,h,e,i,n,7,',","
',B,o,e,s,m,e,n,s,c,h,6,0,4,8,8,',","
',u,m,b,i,l,i,c,u,s,s,u,e,v,i,a,',","
',G,r,e,x,i,t,N,o,w,',","
',N,e,s,s,i,e,4,3,',","
',D,r,M,i,n,i,m,a,x,',","
',Z,a,r,a,h,_,Z,y,l,i,n,d,e,r,',","
',d,e,r,s,c,h,m,i,d,t,j,e,n,s,',","
',S,k,o,t,o,t,a,x,i,s,',","
',s,c,h,m,i,d,j,a,2,0,1,7,',","
',M,e,i,n,e,H,a,u,p,t,s,t,a,d,t,',","
',M,a,m,f,r,e,d,o,M,a,w,i,',","
',A,n,d,r,e,e,Z,i,e,b,e,l,l,',","
',N,a,n,o,F,i,4,4,',","
',d,a,r,k,t,w,e,e,p,',","
',f,r,a,g,_,D,i,e,t,r,u,n,',","
',J,e,a,n,n,e,t,t,e,L,e,i,p,z,2,',","
',h,a,l,j,a,m,2,6,',","
',u,t,o,p,i,a,2,3,_,',","
',W,e,s,t,h,i,m,',","
',a,u,s,b,i,l,d,e,r,s,',","
',b,u,e,n,d,n,i,s,',","
',t,o,m,y,g,i,e,b,',","
',t,i,z,i,a,n,5,2,',","
',M,a,u,r,e,r,s,S,c,h,o,r,s,c,h,',","
',S,w,i,t,c,h,A,n,g,e,l,1,9,7,5,',","
',r,a,p,i,c,2,0,1,2,',","
',S,y,s,t,e,m,e,r,k,e,l,',","
',N,o,r,g,e,P,r,i,v,a,c,y,',","
',B,e,r,n,e,m,e,r,b,u,b,',","
',B,_,D,e,n,k,l,i,c,h,',","
',r,o,c,k,n,o,r,d,',","
',B,o,t,c,h,a,m,b,a,',","
',b,a,r,o,n,o,f,s,t,o,n,e,',","
',C,o,r,_,S,c,i,p,i,o,',","
',m,i,g,u,e,l,7,7,8,8,',","
',K,a,n,o,n,e,n,f,u,t,t,e,r,8,2,',","
',I,n,D,e,r,S,e,e,',","
',S,n,a,p,e,_,S,a,m,a,',","
',1,2,3,b,u,z,i,o,s,',","
',N,e,o,d,e,u,t,s,c,h,e,r,',","
',v,o,n,R,o,e,h,l,i,n,g,',","
',A,l,t,e,r,U,h,u,',","
',p,a,n,t,a,u,7,0,8,4,7,8,3,9,',","
',w,o,l,i,2,0,1,7,',","
',v,_,p,a,l,m,e,',","
',H,e,x,l,e,p,i,a,',","
',h,a,t,m,i,t,n,i,x,z,u,t,u,n,',","
',k,i,n,g,k,n,o,r,r,',","
',a,o,t,e,a,r,o,a,1,2,3,4,5,',","
',b,u,l,g,e,h,o,t,',","
',s,t,o,p,p,_,m,e,r,k,e,l,',","
',A,f,D,_,F,r,e,u,n,d,e,',","
',O,l,Q,u,i,t,',","
',e,y,s,v,o,g,3,l,',","
',K,a,u,f,m,a,n,n,T,o,n,i,a,',","
',c,r,a,b,o,n,a,c,e,',","
',A,f,D,_,B,a,y,e,r,n,',","
',Z,u,k,u,n,f,t,s,k,i,n,d,e,r,',","
',o,r,a,k,e,l,',","
',A,e,q,u,i,l,i,b,r,a,t,i,s,',","
',P,i,n,o,c,c,h,i,o,P,r,e,s,s,e,',","
',D,P,f,l,u,g,k,',","
',c,h,r,i,s,j,u,k,o,',","
',r,e,a,l,m,i,l,k,f,a,n,',","
',j,a,n,i,n,e,_,2,2,0,9,',","
',R,a,l,f,_,_,B,',","
',C,r,e,a,c,t,i,c,',","
',w,i,l,l,y,g,y,n,1,2,',","
',k,r,i,t,i,s,c,h,e,p,r,e,s,s,1,',","
',J,e,n,s,M,a,i,e,r,A,f,D,',","
',H,o,l,g,e,r,S,c,h,e,r,e,r,',","
',v,o,n,_,G,n,e,i,s,e,n,a,u,',","
',J,u,n,g,e,_,F,r,e,i,h,e,i,t,_,',","
',S,c,h,m,i,d,t,s,t,a,h,l,',","
',T,r,o,e,g,l,i,t,z,',","
',C,_,l,e,s,D,e,u,x,E,g,l,i,s,e,',","
',m,e,e,r,l,a,u,r,e,r,',","
',R,e,c,h,t,e,r,S,p,i,n,n,e,r,',","
',D,j,V,a,l,e,n,t,i,n,o,4,5,',","
',k,a,r,l,k,r,a,m,e,r,1,',","
',O,S,t,D,T,a,f,t,',","
',p,o,p,u,l,a,r,3,3,6,1,9,',","
',a,n,d,e,r,e,1,1,0,',","
',C,h,r,i,s,t,i,a,n,B,a,i,e,r,1,',","
',m,a,t,i,a,l,k,a,i,',","
',D,o,n,T,r,a,g,h,i,',","
',L,i,o,n,i,c,o,n,1,',","
',G,w,i,t,t,e,r,t,o,t,t,',","
',T,o,m,1,6,4,3,F,',","
',R,i,v,a,n,o,v,5,',","
',N,e,i,d,h,a,m,m,e,l,',","
',P,a,r,a,g,r,a,p,h,1,R,a,l,p,h,',","
',M,i,l,h,o,u,s,_,v,a,n,H,',","
',d,e,n,k,_,n,e,t,_,n,o,c,h,',","
',p,a,t,r,i,o,t,_,c,h,',","
',A,u,e,M,i,c,h,a,',","
',f,a,h,o,7,4,',","
',g,e,r,r,i,e,3,5,2,',","
',f,c,k,l,e,f,t,',","
',e,c,c,l,e,s,i,a,d,e,i,1,',","
',a,l,i,s,f,f,m,',","
',k,e,i,n,f,r,e,i,w,i,l,d,',","
',p,i,p,i,_,n,e,t,a,n,y,a,h,o,o,',","
',h,a,r,z,t,o,n,n,e,',","
',D,e,l,t,a,F,i,v,e,E,c,h,o,',","
',M,o,u,n,t,a,i,n,d,r,e,a,m,5,',","
',t,o,m,m,y,l,e,e,w,a,t,e,r,s,',","
',u,w,e,_,g,u,e,n,t,h,e,r,',","
',a,b,c,3,2,1,x,y,b,l,a,b,l,a,',","
',f,n,k,r,e,i,s,u,n,n,a,',","
',S,t,e,f,a,n,S,5,6,8,3,1,8,4,1,',","
',s,a,v,e,s,o,e,l,s,e,',","
',M,a,c,b,e,t,h,0,8,1,5,',","
',o,l,s,c,h,e,w,s,1,',","
',e,m,r,i,c,h,_,5,9,3,3,',","
',T,w,i,n,t,e,r,b,i,',","
',h,a,r,r,y,6,1,8,7,1,0,4,7,',","
',e,b,o,b,a,t,c,a,n,a,i,l,l,e,',","
',g,e,r,t,r,u,d,r,i,c,h,t,e,r,1,',","
',R,i,k,i,M,a,s,o,r,a,t,i,',","
',B,e,r,n,d,v,e,n,d,e,t,t,a,',","
',w,e,g,e,c,o,n,',","
',k,r,e,u,z,e,b,r,a,8,6,',","
',T,a,y,k,r,a,',","
',P,i,l,g,r,a,m,s,W,o,r,d,s,',","
',A,f,D,B,r,a,n,d,e,n,b,u,r,g,',","
',a,f,d,m,u,n,i,c,h,',","
',M,e,h,m,e,t,A,z,u,l,',","
',m,o,c,k,y,l,o,c,k,5,0,',","
',B,i,i,b,i,i,S,i,l,v,i,',","
',r,p,l,a,n,t,i,k,o,',","
',h,a,h,a,a,a,a,a,z,',","
',r,t,r,f,2,0,0,1,',","
',s,c,h,w,a,r,z,e,r,m,a,i,',","
',F,r,i,z,c,a,t,c,o,m,',","
',W,i,l,l,R,o,b,a,r,',","
',A,s,y,l,w,a,t,c,h,D,E,',","
',R,e,i,b,e,k,u,c,h,e,n,2,6,',","
',O,b,e,r,s,c,h,n,u,f,f,',","
',M,e,i,k,e,_,1,6,8,3,',","
',U,w,e,R,e,i,c,h,t,',","
',H,a,n,s,R,o,l,f,S,c,h,m,i,d,t,',","
',t,_,t,r,u,t,h,h,h,',","
',H,o,m,e,R,o,g,n,e,r,',","
',S,o,o,k,i,e,S,_,1,3,',","
',D,i,a,b,o,l,i,D,i,a,b,o,9,',","
',N,e,u,h,i,e,r,7,6,',","
',G,B,a,e,r,s,c,h,',","
',v,i,l,i,m,s,k,y,',","
',a,g,m,_,a,l,a,i,n,',","
',L,i,n,u,s,M,a,n,s,t,e,i,n,',","
',r,o,d,o,l,f,o,s,t,w,e,e,t,s,',","
',V,i,c,t,o,r,i,a,U,n,g,a,r,n,',","
',w,e,s,t,f,a,l,e,1,8,1,5,',","
',h,e,i,k,e,_,s,c,h,u,l,t,z,',","
',W,e,g,M,i,t,H,a,r,t,z,e,r,n,',","
',R,u,f,e,r,0,0,1,',","
',Q,u,e,r,K,o,p,f,R,o,b,o,t,',","
',w,e,s,t,f,u,n,k,e,r,',","
',H,o,t,t,e,H,o,r,s,t,m,a,n,n,',","
',0,1,9,2,8,3,7,I,',","
',r,o,n,a,l,d,g,l,a,e,s,e,r,',","
',g,m,z,i,p,f,e,l,',","
',A,n,t,i,k,u,l,t,u,r,a,l,i,s,t,',","
',b,l,o,g,g,i,',","
',C,h,i,s,N,o,r,i,a,',","
',m,a,r,t,i,n,_,g,u,t,z,e,i,t,',","
',S,h,a,r,e,b,e,n,h,a,u,f,e,n,',","
',S,c,h,a,u,n,_,m,e,r,_,m,a,l,',","
',H,e,i,d,e,1,9,4,9,',","
',F,r,i,t,z,S,c,h,u,l,z,',","
',b,o,e,s,e,r,_,M,i,c,h,e,l,',","
',F,f,F,r,a,u,k,i,',","
',K,P,K,5,8,P,',","
',m,i,c,h,a,e,l,_,k,a,p,p,e,',","
',r,d,n,t,z,d,',","
',F,l,u,c,h,t,u,r,s,a,c,h,e,',","
',C,a,t,E,n,s,',","
',N,a,n,c,y,P,e,g,g,y,M,a,n,d,y,',","
',G,e,r,h,a,r,d,4,2,8,3,3,3,8,6,',","
',R,e,n,e,F,S,L,',","
',T,h,e,r,e,m,i,n,s,p,i,e,l,e,r,',","
',c,i,t,i,u,s,_,f,o,r,t,i,u,s,',","
',r,o,t,b,a,r,s,c,h,6,9,',","
',m,k,p,h,h,',","
',e,x,p,l,i,c,i,t,a,n,a,l,y,s,i,',","
',d,i,e,_,S,c,h,o,e,n,e,',","
',H,a,N,S,a,u,s,N,k,l,l,n,',","
',h,e,i,k,e,1,5,0,2,',","
',h,a,b,i,b,i,b,a,b,a,7,7,',","
',l,a,n,d,h,a,u,s,t,u,s,s,y,',","
',R,1,0,7,0,A,',","
',G,e,r,m,a,n,s,_,4,T,r,u,m,p,',","
',N,i,c,o,l,e,1,6,1,0,7,1,',","
',l,u,k,a,s,_,i,f,f,',","
',P,u,g,n,a,t,o,r,_,',","
',p,r,o,f,r,a,i,k,a,',","
',n,i,c,o,l,i,p,i,1,',","
',i,b,i,k,u,s,3,1,',","
',b,e,r,l,i,n,w,e,r,b,u,n,g,',","
',t,r,i,d,e,n,t,7,5,0,',","
',m,4,r,g,o,t,k,a,e,s,e,m,a,n,n,',","
',A,l,e,x,i,a,S,t,e,l,l,a,r,',","
',K,r,a,k,a,n,_,G,',","
',S,a,x,o,n,i,a,g,e,r,d,',","
',I,s,n,o,g,u,d,_,',","
',J,K,r,u,e,t,z,k,a,m,p,',","
',P,a,k,o,2,4,0,7,2,0,1,2,',","
',P,e,t,e,r,S,1,6,6,4,9,6,8,3,',","
',J,a,k,o,b,D,i,e,n,e,r,',","
',C,y,a,n,i,d,M,i,c,h,a,e,l,',","
',H,o,r,s,t,N,R,W,',","
',S,i,l,v,3,r,_,1,3,3,7,',","
',m,b,o,e,0,4,0,7,',","
',A,c,h,i,m,7,6,7,1,',","
',L,e,b,e,n,s,z,e,i,c,h,e,n,N,S,',","
',f,_,k,i,e,r,k,e,g,a,a,r,d,',","
',J,o,e,M,o,n,t,a,n,a,9,9,',","
',k,r,i,t,i,s,c,h,e,r,g,e,i,s,t,',","
',W,H,e,t,z,l,e,r,',","
',z,v,l,r,n,g,h,r,s,m,',","
',S,A,T,A,N,E,i,n,s,',","
',G,e,n,e,r,a,l,R,e,n,e,',","
',T,o,t,i,_,S,6,3,',","
',N,o,S,y,s,t,e,m,C,a,r,l,o,',","
',H,a,r,t,e,s,G,e,l,d,',","
',a,n,d,r,i,t,t,i,s,',","
',A,p,o,l,l,0,x,',","
',K,a,r,o,_,r,o,t,',","
',c,r,a,z,y,4,g,o,l,f,',","
',p,f,l,e,g,e,f,r,a,u,',","
',P,e,g,i,d,i,z,e,r,',","
',s,o,b,i,e,s,k,i,1,1,',","
',E,t,h,_,n,_,B,r,_,d,b,e,r,r,y,',","
',b,l,u,t,i,8,6,',","
',b,i,n,e,1,0,0,7,',","
',B,l,o,n,d,J,e,d,i,',","
',G,i,a,n,t,P,a,l,a,d,i,n,',","
',F,r,o,s,c,h,k,o,e,n,i,g,P,e,p,',","
',T,h,o,m,a,s,G,B,a,u,e,r,',","
',w,g,1,2,3,0,7,',","
',K,a,l,l,e,P,e,t,e,r,s,e,n,I,I,',","
',L,a,u,g,a,r,f,j,a,l,l,2,',","
',J,A,_,E,s,s,e,n,',","
',G,e,r,m,a,n,C,r,o,s,s,h,a,i,r,',","
',D,i,r,k,2,0,1,5,8,',","
',P,a,l,z,B,u,',","
',m,a,r,i,o,_,e,d,e,l,m,a,n,n,',","
',k,i,g,a,l,l,u,s,',","
',A,c,h,i,m,S,p,i,e,g,e,l,',","
',G,e,g,e,n,K,i,n,d,e,r,e,h,e,n,',","
',G,r,a,n,d,e,l,1,',","
',s,h,r,i,m,p,s,d,e,l,u,x,e,',","
',S,a,s,c,h,a,_,R,e,i,c,h,e,',","
',m,a,_,g,u,1,2,3,',","
',R,0,B,E,R,T,S,p,o,n,g,e,b,o,b,',","
',K,i,e,l,_,S,o,p,h,i,e,n,h,o,f,',","
',f,r,i,e,s,e,n,j,e,n,s,',","
',d,i,g,g,y,2,0,1,5,',","
',W,a,l,d,k,a,u,z,1,5,',","
',G,o,l,o,6,7,7,',","
',S,e,b,W,e,b,T,o,p,',","
',K,G,e,h,i,r,n,',",',D,e,i,s,t,e,r,E,d,i,t,h,',","
',l,e,g,e,m,e,c,u,m,',","
',s,c,h,u,l,l,e,6,0,',","
',Z,e,i,l,e,r,O,l,i,',","
',U,w,e,W,o,l,f,f,9,6,6,',","
',H,o,r,s,t,1,9,4,1,',","
',M,y,C,o,d,e,O,f,C,o,n,d,u,c,t,',","
',d,a,s,p,u,n,k,t,',","
',b,l,a,c,k,l,a,b,e,l,_,7,6,',","
',B,_,S,a,f,t,',","
',M,a,u,l,w,u,r,f,e,n,I,n,f,o,D,',","
',L,e,b,e,n,M,T,L,',","
',N,e,o,m,a,m,m,a,l,i,a,',","
',u,n,z,e,n,s,u,r,i,e,r,t,',","
',G,e,r,m,a,n,y,s,H,e,r,o,',","
',m,o,i,n,m,o,i,n,s,a,g,e,r,',","
',E,r,n,s,t,1,9,5,3,D,o,',","
',V,i,l,s,t,a,l,',","
',M,a,y,d,a,y,1,8,5,6,8,7,0,6,',","
',N,i,c,h,t,k,o,n,f,o,r,m,i,s,t,',","
',L,a,n,g,e,H,e,i,k,o,',","
',8,3,S,c,h,i,l,d,i,',","
',H,o,t,t,e,1,9,5,0,',","
',p,r,o,p,a,g,a,r,e,',","
',A,l,t,_,R,e,i,c,h,g,h,t,',","
',F,r,i,d,o,l,i,n,P,S,P,',","
',J,B,o,t,a,n,i,c,a,',","
',f,i,r,s,t,r,o,d,e,w,i,t,z,e,r,',","
',p,e,t,e,r,_,h,o,n,i,g,',","
',d,e,r,M,y,l,i,u,s,',","
',F,F,o,r,s,t,m,a,i,e,r,',","
',P,e,t,e,r,_,N,a,t,e,r,',","
',G,o,t,h,d,a,d,',","
',G,S,i,e,b,e,k,e,',","
',S,i,m,o,n,N,a,t,a,l,',","
',n,a,b,u,c,c,o,5,6,',","
',P,e,g,a,s,u,s,f,e,d,e,r,',","
',B,i,g,r,e,i,n,e,r,',","
',a,l,t,e,r,n,_,i,n,f,o,r,m,',","
',C,h,e,l,s,e,a,E,F,1,1,',","
',H,a,u,s,f,r,a,u,4,e,v,e,r,',","
',L,i,b,e,l,l,e,2,0,0,0,R,',","
',r,s,t,r,o,h,m,i,',","
',t,r,a,u,m,d,i,e,b,e,',","
',h,a,_,z,e,t,t,',","
',M,_,N,_,H,e,r,r,m,a,n,n,',","
',p,i,r,a,t,e,n,p,o,w,e,r,9,9,9,',","
',P,I,O,N,I,C,e,e,r,',","
',N,e,w,R,h,e,i,n,b,e,r,g,e,r,',","
',_,_,a,_,f,_,w,_,_,',","
',K,u,r,t,K,l,a,d,d,e,r,',","
',I,v,i,c,D,a,r,k,o,',","
',t,i,t,a,n,v,a,c,h,t,',","
',B,e,l,u,b,o,x,D,e,b,r,i,a,',","
',j,k,l,h,i,u,',","
',P,r,e,i,s,e,t,_,K,e,k,',","
',m,r,s,t,o,n,e,0,8,5,6,',","
',F,O,S,S,p,a,t,e,n,t,s,',","
',g,u,n,n,a,r,_,r,i,c,h,e,r,t,',","
',F,r,e,i,e,r,A,n,o,n,',","
',H,e,i,n,r,i,c,h,_,K,r,u,g,',","
',c,h,o,o,l,i,e,2,1,1,',","
',S,c,h,u,e,t,z,e,_,A,r,s,c,h,',","
',x,a,n,d,y,f,i,t,',","
',K,i,r,c,h,e,d,h,H,',","
',A,l,m,o,e,h,y,',","
',P,r,e,u,s,s,i,s,c,h,B,l,a,u,9,',","
',c,l,y,d,e,v,p,g,',","
',C,4,P,E,C,0,D,',","
',W,i,l,h,e,l,m,u,s,J,a,n,u,s,',","
',d,a,n,n,y,2,3,0,3,2,0,0,0,',","
',p,s,e,u,d,r,o,s,',","
',m,a,c,h,t,j,a,n,i,x,2,3,',","
',n,e,o,M,1,9,1,3,',","
',_,i,c,h,n,i,c,h,t,',","
',i,c,h,h,a,b,w,u,t,',","
',R,i,t,a,_,S,a,u,s,e,r,',","
',O,b,r,i,g,k,e,i,t,1,',","
',E,m,i,l,i,a,C,3,2,',","
',z,u,g,e,r,a,s,',","
',J,A,_,D,e,u,t,s,c,h,l,a,n,d,',","
',H,e,r,m,a,n,n,3,0,0,4,',","
',D,a,u,e,r,q,u,e,r,u,l,a,n,t,',","
',V,o,l,k,s,W,a,h,r,s,a,g,e,r,',","
',s,t,e,v,v,i,d,',","
',F,H,O,_,S,i,e,r,r,a,6,L,i,m,a,',","
',A,r,r,t,r,a,d,',","
',K,e,r,s,t,i,n,M,i,l,l,l,e,r,',","
',W,e,C,o,n,1,4,',","
',F,w,O,b,e,r,h,a,u,s,e,n,',","
',o,h,b,o,u,l,d,e,r,e,r,',","
',g,a,g,a,b,e,r,l,i,n,',","
',L,u,k,a,s,6,4,F,',","
',r,i,g,o,_,t,r,o,y,',","
',T,r,a,v,e,l,B,o,n,n,',","
',F,i,l,a,r,e,t,e,1,4,',","
',M,e,d,i,e,n,l,u,e,g,e,n,',","
',T,0,M,L,i,g,h,t,y,e,a,r,',","
',A,s,y,l,n,a,c,h,r,i,c,h,t,e,n,',","
',R,o,t,p,i,l,l,e,',","
',P,o,l,i,t,k,r,i,t,i,k,e,r,',","
',S,p,r,e,c,h,e,n,U,n,s,N,o,c,h,',","
',K,r,a,b,a,t,K,a,b,a,t,',","
',k,w,o,g,e,r,m,a,n,7,',","
',Z,e,r,u,y,u,',","
',z,e,n,t,r,u,m,s,p,a,r,t,e,i,',","
',6,7,m,u,e,l,l,e,r,P,e,t,e,r,',","
',A,l,e,t,h,e,i,a,1,5,6,',","
',P,r,o,_,P,E,G,I,D,A,_,',","
',J,a,n,_,D,e,i,c,h,m,o,h,l,e,',","
',L,i,b,e,r,t,a,s,K,l,e,i,n,o,d,',","
',F,a,c,t,u,a,l,L,i,b,e,r,a,l,',","
',o,f,f,b,e,a,t,2,4,',","
',P,h,i,l,P,e,r,l,m,u,t,t,e,r,',","
',G,o,e,t,t,s,c,h,e,C,h,r,',","
',4,S,o,n,i,c,c,',","
',F,r,o,e,h,l,i,c,h,K,a,i,T,',","
',W,a,l,t,e,r,2,9,3,4,0,8,7,7,',","
',n,o,r,b,e,r,t,5,5,9,6,8,0,7,5,',","
',B,u,e,r,g,e,r,L,e,y,',","
',J,o,t,D,o,r,a,',","
',O,r,i,g,i,n,a,l,R,a,d,i,',","
',R,u,b,e,n,S,p,r,u,c,k,',","
',F,r,i,e,d,a,_,T,w,e,e,t,y,',","
',F,r,D,n,k,r,',","
',P,a,u,l,e,P,h,a,n,t,e,r,',","
',S,c,h,r,e,i,b,e,d,e,n,T,e,x,t,',","
',K,o,r,i,f,e,j,1,',","
',N,i,e,m,i,e,c,k,a,P,o,l,i,t,y,',","
',a,g,e,n,t,_,a,n,n,y,0,0,7,',","
',L,e,n,a,S,a,k,u,r,a,B,l,u,m,e,',","
',g,o,d,s,o,f,l,a,z,y,',","
',r,e,c,o,n,_,q,u,i,s,t,a,',","
',A,n,c,a,p,D,u,d,e,',","
',D,a,_,D,i,g,g,e,',","
',M,a,r,g,i,t,1,1,',","
',a,n,d,r,e,a,s,7,7,7,6,1,',","
',S,i,r,e,e,n,A,n,i,m,a,S,o,l,a,',","
',d,a,b,b,e,l,u,',","
',m,e,d,e,c,_,2,9,',","
',M,i,s,t,e,r,_,K,a,',","
',F,a,r,S,i,g,h,t,3,',","
',_,m,a,c,m,i,k,e,',","
',M,a,r,k,u,s,F,i,e,b,e,r,',","
',V,i,c,t,o,r,i,a,F,e,r,n,a,7,1,',","
',F,u,n,n,y,1,9,6,3,',","
',C,h,i,c,S,a,n,c,h,o,',","
',B,o,e,h,m,e,r,s,c,h,w,a,n,z,',","
',b,a,e,r,c,h,i,0,8,',","
',h,a,_,s,c,h,w,a,',","
',A,l,e,x,B,f,r,o,m,G,',","
',A,n,d,r,e,a,s,6,2,5,8,2,0,9,4,',","
',C,a,p,Y,o,s,s,a,r,i,a,n,',","
',c,a,r,l,c,l,a,u,s,e,w,i,t,z,1,',","
',i,g,o,r,_,b,r,a,i,n,',","
',M,a,r,c,e,l,0,2,9,3,5,0,4,1,',","
',b,i,e,n,c,h,e,n,6,9,6,9,',","
',u,n,b,l,o,g,d,',","
',P,o,l,i,t,i,k,W,e,l,t,',","
',J,A,_,B,r,e,m,e,n,',","
',a,o,t,t,o,1,9,6,8,_,2,',","
',e,a,r,l,y,b,i,r,d,2,0,1,0,',","
',1,0,D,M,a,r,k,',","
',k,o,c,h,b,a,r,1,',","
',w,i,l,l,n,u,r,s,c,h,r,e,i,b,n,',","
',F,r,e,i,h,e,i,t,H,o,f,e,r,',","
',c,h,a,r,l,i,e,a,l,p,h,a,5,',","
',_,M,A,S,K,U,L,I,S,T,',","
',K,o,n,t,r,a,s,t,f,a,r,b,e,',","
',q,u,o,v,a,d,i,s,s,c,h,l,a,n,d,',","
',s,o,h,n,e,s,1,',","
',M,i,l,l,e,r,n,t,o,r,1,',","
',s,t,e,f,a,n,a,n,d,e,r,l,',","
',s,a,l,z,m,a,n,u,f,a,k,t,u,r,',","
',I,s,l,a,m,k,r,i,t,i,k,_,',","
',f,r,a,n,k,d,r,e,b,i,n,2,4,7,',","
',H,a,i,e,_,W,e,s,t,h,u,s,',","
',e,i,n,A,n,a,l,y,t,i,k,e,r,',","
',E,l,k,e,5,0,8,7,0,6,7,1,',","
',H,a,r,a,l,d,7,0,1,9,9,',","
',s,a,s,b,r,a,u,',","
',_,_,h,i,m,m,e,l,_,_,_,',","
',b,e,a,m,l,l,e,r,1,',","
',E,d,d,i,e,_,1,4,1,2,',","
',o,b,e,r,g,u,r,u,5,5,',","
',_,D,e,n,k,_,_,M,a,l,_,',","
',G,o,m,a,n,d,e,r,2,',","
',p,a,u,l,_,k,l,e,i,b,e,r,',","
',C,a,t,w,e,a,z,l,e,1,2,3,',","
',s,t,r,a,n,g,e,l,o,v,e,6,6,6,',","
',A,l,f,i,h,e,r,',","
',G,e,r,e,c,h,t,i,g,k,e,i,t,0,1,',","
',P,u,n,i,s,h,e,r,s,K,i,l,l,',","
',H,a,r,a,l,d,P,e,t,e,r,m,a,n,n,',","
',m,4,n,u,P,R,T,',","
',J,o,e,r,g,R,M,a,y,e,r,',","
',f,r,i,t,z,m,i,c,h,e,l,',","
',N,u,l,l,_,E,u,r,o,',","
',S,c,o,t,c,h,i,7,7,',","
',N,o,s,t,r,a,T,u,r,i,n,g,',","
',r,e,i,s,s,m,a,n,n,',","
',k,a,r,d,a,s,i,a,p,a,t,',","
',B,e,n,F,u,r,o,r,',","
',1,F,e,e,d,o,m,',","
',F,r,e,i,w,i,l,l,i,g,f,r,e,i,',","
',t,i,n,o,_,t,a,f,f,a,n,e,k,',","
',m,a,r,i,a,e,_,g,l,o,r,i,a,',","
',D,e,u,t,s,c,h,l,a,n,d,7,7,',","
',A,n,o,n,y,m,2,0,1,9,',","
',d,a,m,p,f,h,a,n,s,s,',","
',Z,i,p,P,i,_,l,a,l,a,l,a,',","
',K,i,s,s,_,m,e,_,K,i,a,r,a,',","
',D,e,r,V,a,t,e,r,l,a,e,n,d,e,r,',","
',K,a,t,i,n,k,a,T,h,e,i,s,',","
',N,e,t,z,t,a,g,e,b,u,c,h,',","
',f,l,a,d,d,e,r,m,u,e,s,',","
',G,u,g,g,u,l,u,',","
',m,a,t,h,e,m,a,t,i,k,o,s,',","
',b,e,s,t,b,e,t,t,e,r,c,h,e,c,k,',","
',D,u,d,e,T,h,e,A,b,i,d,e,',","
',H,a,u,s,i,P,a,n,a,m,',","
',C,0,0,1,D,0,0,D,',","
',A,f,D,_,M,u,e,n,s,t,e,r,',","
',u,w,e,b,e,c,h,e,r,',","
',t,h,o,m,a,s,l,a,u,e,r,1,0,',","
',D,J,U,H,M,H,A,',","
',J,u,e,r,g,e,n,_,F,r,i,t,z,',","
',a,n,d,i,x,y,9,',","
',C,a,r,o,2,2,o,n,e,',","
',e,x,a,c,t,l,y,o,b,s,e,r,v,e,d,',","
',H,r,a,f,n,e,l,',","
',d,k,d,e,n,z,',","
',t,o,m,k,o,e,h,l,e,r,2,5,2,',","
',M,a,n,f,r,e,d,H,e,e,r,',","
',r,o,g,e,r,8,9,6,',","
',R,H,a,m,e,l,t,h,',","
',B,a,l,s,i,g,e,r,A,l,e,x,',","
',d,o,r,t,m,u,n,d,s,r,e,c,h,t,e,',","
',B,e,r,u,n,d,o,K,u,n,',","
',c,h,u,n,g,u,n,8,8,',","
',G,r,e,e,n,D,e,v,i,l,7,8,',","
',D,e,u,t,s,c,h,e,r,M,i,c,h,e,5,',","
',s,t,o,p,R,2,G,',","
',u,n,b,e,q,u,e,m,e,s,',","
',h,e,a,d,d,o,w,n,e,r,',","
',A,r,t,i,k,e,l,_,2,0,_,G,G,',","
',K,r,i,t,i,s,c,h,e,r,T,r,o,l,l,',","
',H,u,g,g,y,5,4,M,G,',","
',P,a,p,i,l,l,o,n,v,A,1,0,1,0,',","
',S,a,e,r,d,n,a,y,a,',","
',2,1,0,3,m,a,r,k,u,s,',","
',b,v,b,f,o,l,l,o,w,e,r,',","
',W,I,R,_,U,N,S,',","
',m,y,a,c,c,o,u,n,t,4,7,',","
',L,a,n,g,e,N,a,s,e,',","
',j,a,k,r,e,v,e,d,k,o,',","
',G,u,i,d,o,D,i,e,t,e,l,',","
',t,w,i,t,t,o,n,i,u,m,',","
',g,e,z,e,i,t,e,n,g,a,n,g,',","
',M,r,S,c,o,p,o,l,a,m,i,n,',","
',A,l,i,c,e,S,c,h,m,a,r,o,t,z,e,',","
',p,l,e,i,t,i,e,r,',","
',W,e,r,n,e,r,K,u,l,i,k,o,w,',","
',h,a,n,d,s,c,h,i,2,',","
',O,n,T,o,2,0,0,0,',","
',C,h,_,B,a,r,t,l,i,n,g,',","
',O,i,d,a,b,a,z,i,',","
',V,o,l,k,s,k,o,r,r,e,s,p,d,t,',","
',t,a,b,a,n,a,k,e,l,w,a,n,z,e,',","
',E,x,Z,i,m,b,i,',","
',H,a,r,t,w,i,g,K,n,o,o,p,s,',","
',M,i,l,l,a,K,e,e,n,a,n,',","
',s,a,r,a,_,d,e,w,e,',","
',A,f,d,_,O,S,N,',","
',w,2,0,3,g,o,',","
',t,w,i,t,t,_,A,l,f,r,e,d,',","
',p,_,f,r,a,u,p,_,',","
',p,a,d,m,o,d,i,',","
',K,l,a,u,s,K,o,n,t,r,a,',","
',M,a,r,i,o,_,H,a,u,_,A,f,D,',","
',M,a,r,c,W,a,l,l,a,c,e,1,8,',","
',N,o,E,x,t,r,e,m,e,8,7,',","
',a,l,u,h,u,t,_,_,A,k,b,a,r,_,_,',","
',A,q,u,i,n,a,t,e,2,',","
',t,u,l,p,e,n,b,i,e,g,e,r,',","
',f,l,o,r,a,m,a,r,g,a,r,i,n,a,',","
',v,o,n,_,Z,i,e,h,t,e,n,',","
',w,o,l,f,w,a,l,',","
',H,i,k,a,r,i,G,o,i,',","
',T,o,m,t,e,_,T,u,m,m,e,t,o,t,',","
',J,A,B,V,D,u,e,s,s,e,l,d,o,r,f,',","
',P,i,t,t,i,v,o,m,D,o,r,f,',","
',_,D,e,m,o,k,r,a,t,i,e,',","
',B,a,r,v,a,r,i,a,n,o,',","
',l,a,r,a,f,l,a,0,8,1,5,',","
',f,l,e,n,s,i,1,',","
',E,r,i,k,W,u,e,n,s,c,h,e,',","
',H,_,E,r,z,b,u,b,e,',","
',M,e,n,N,e,e,d,D,o,g,s,',","
',V,i,e,t,u,s,I,L,',","
',F,r,i,e,d,e,m,a,n,n,s,c,h,u,1,',","
',H,a,r,t,m,a,n,n,L,i,a,n,e,',","
',h,a,x,_,p,a,x,_,m,a,x,',","
',s,u,s,h,i,m,o,t,o,s,',","
',W,u,n,d,i,6,8,',","
',P,a,u,l,L,a,m,p,e,r,d,',","
',A,f,D,B,e,r,l,i,n,',","
',L,u,c,a,s,H,o,f,f,m,a,n,n,6,1,',","
',S,u,s,i,_,S,o,r,g,e,n,v,o,l,l,',","
',r,o,s,t,e,i,n,4,5,',","
',L,O,L,i,t,s,m,o,',","
',K,r,a,h,M,a,x,',","
',k,i,n,d,e,r,p,s,y,c,h,',","
',S,v,e,r,i,g,A,f,D,',","
',J,e,n,o,m,P,r,o,s,t,y,2,0,1,6,',","
',0,8,1,5,L,u,c,k,y,0,8,1,5,',","
',V,o,x,F,r,i,b,u,r,g,e,n,s,i,s,',","
',B,l,i,c,k,A,c,h,s,e,',","
',J,o,h,a,n,n,e,s,1,3,5,',","
',k,w,i,s,a,t,z,_,h,',","
',r,0,0,c,h,N,',","
',U,n,b,e,q,u,e,m,_,h,o,c,h,_,3,',","
',_,P,i,r,o,s,k,a,',","
',V,F,F,7,7,',","
',F,r,a,u,G,a,t,t,i,n,',","
',H,o,h,e,n,s,y,b,u,r,g,',","
',_,P,a,t,M,u,r,p,h,y,_,',","
',t,e,i,t,e,9,9,',","
',Y,o,s,h,i,h,j,l,',","
',A,n,_,t,a,e,u,s,',","
',F,o,l,l,o,w,_,t,h,3,',","
',C,r,a,f,t,e,r,g,u,t,',","
',t,e,l,e,h,e,r,z,o,g,',","
',L,a,u,r,o,_,D,o,c,',","
',h,e,i,n,e,m,o,',","
',_,M,u,r,p,h,y,n,e,',","
',f,i,n,i,s,_,e,u,r,o,',","
',0,9,8,7,6,7,7,_,4,9,',","
',p,e,t,e,r,7,8,9,_,',","
',r,a,n,d,o,m,n,a,m,e,7,7,7,7,7,',","
',r,a,l,f,l,m,u,l,l,e,r,',","
',M,a,r,t,i,n,S,t,o,l,l,1,1,',","
',A,n,o,M,o,7,0,',","
',H,o,n,k,2,0,1,6,',","
',F,a,l,k,l,a,n,d,f,u,c,h,s,',","
',R,o,p,d,e,_,',","
',F,r,a,n,n,y,l,i,c,i,o,u,s,7,9,',","
',W,h,o,I,s,I,n,G,e,r,m,a,n,y,0,',","
',R,u,h,r,_,P,o,e,t,',","
',R,u,m,s,u,c,h,e,r,',","
',e,l,y,s,a,g,a,b,',","
',S,c,h,m,i,t,t,4,7,1,1,',","
',n,a,s,a,n,a,s,a,l,',","
',I,m,a,g,e,b,e,r,a,t,u,n,g,e,n,',","
',B,e,r,g,e,r,B,e,r,g,e,r,i,e,',","
',1,2,3,L,e,n,c,h,e,n,',","
',z,e,n,t,r,a,l,v,e,r,s,a,n,d,',","
',P,o,l,i,t,o,l,o,g,e,2,2,',","
',M,o,n,t,a,u,k,_,2,3,',","
',C,l,a,u,d,i,a,_,x,y,',","
',Z,o,r,a,_,2,1,1,2,1,2,',","
',w,i,l,c,o,n,5,8,',","
',f,r,y,w,y,n,d,',","
',A,f,D,K,r,e,i,s,M,K,',","
',S,c,h,a,t,t,e,n,p,r,i,n,z,M,',","
',A,n,t,i,f,a,T,a,u,n,u,s,',","
',U,n,z,u,f,r,i,e,d,e,n,e,r,B,',","
',X,A,g,a,t,h,o,n,',","
',J,o,h,a,n,n,_,H,o,e,l,z,l,',","
',t,o,t,u,l,6,9,',","
',j,a,k,o,b,a,l,t,',","
',F,r,e,i,e,r,W,a,e,h,l,e,r,',","
',H,o,l,g,a,r,t,2,1,',","
',S,a,p,e,r,e,A,u,d,e,2,0,2,0,',","
',h,e,r,z,o,g,_,h,e,l,g,a,',","
',E,e,n,B,e,r,l,i,n,a,',","
',m,i,r,k,o,1,a,',","
',p,e,t,_,s,k,e,l,e,t,o,n,',","
',S,t,o,l,z,e,r,H,o,G,e,S,a,',","
',k,r,e,a,t,i,v,e,s,H,',","
',P,Q,i,m,p,l,e,',","
',_,h,y,p,o,w,e,r,',","
',t,a,f,k,a,b,7,6,',","
',A,n,t,i,G,e,n,d,e,r,',","
',e,r,w,p,u,t,z,',","
',p,i,n,s,e,l,p,o,e,t,i,n,',","
',w,o,l,f,i,2,3,2,',","
',U,s,e,D,u,a,l,',","
',G,u,t,e,W,o,l,f,',","
',M,e,t,a,l,l,i,c,a,7,1,B,l,n,',","
',b,r,i,g,i,t,t,e,_,c,y,',","
',c,i,t,o,y,e,n,_,l,a,u,r,i,s,',","
',a,b,s,o,l,u,t,_,t,a,b,u,',","
',k,a,r,l,h,e,p,p,n,e,r,',","
',V,i,v,i,a,n,_,a,u,s,_,H,H,',","
',p,_,t,r,u,s,c,h,k,a,',","
',F,r,a,n,z,l,X,X,X,',","
',c,y,c,l,i,n,g,i,n,s,i,d,e,',","
',C,h,i,p,p,o,l,e,v,',","
',C,l,e,o,l,a,n,t,e,',","
',r,e,c,o,n,q,u,i,s,t,a,_,g,e,r,',","
',p,h,a,r,e,n,t,',","
',F,u,s,s,e,l,b,r,a,t,',","
',b,r,u,z,z,z,l,e,r,1,',","
',S,h,o,w,m,a,s,t,e,r,5,5,1,',","
',P,e,t,e,r,P,a,3,4,0,8,3,1,3,9,',","
',M,a,u,l,k,o,r,b,p,o,l,i,t,i,k,',","
',a,n,_,a,u,s,_,e,n,d,e,',","
',D,i,r,k,Z,e,t,t,',","
',k,a,r,a,t,a,l,9,3,',","
',l,o,u,2,5,6,7,',","
',n,a,p,f,s,u,e,l,z,e,',","
',D,W,T,w,e,n,t,y,T,w,o,',","
',N,o,r,d,m,a,n,n,T,h,i,e,s,',","
',D,e,r,_,K,l,e,c,k,s,e,r,',","
',M,u,t,_,B,u,e,r,g,e,r,1,',","
',_,S,a,k,r,o,s,a,n,k,t,',","
',f,a,h,r,t,w,i,n,d,t,',","
',P,u,t,i,n,T,r,o,l,l,2,',","
',C,o,c,k,4,n,d,P,u,s,s,y,',","
',d,i,e,t,e,r,_,h,e,i,l,',","
',S,i,r,M,o,t,z,A,L,o,t,',","
',c,d,k,6,8,',","
',K,o,n,t,r,a,K,u,l,t,u,r,e,l,l,',","
',S,e,b,a,s,t,i,a,n,H,e,r,t,e,l,',","
',v,o,n,_,S,t,e,i,n,e,r,',","
',M,a,i,k,M,8,0,',","
',g,e,r,t,w,a,l,t,e,r,w,o,l,f,',","
',c,a,s,s,a,n,d,r,a,l,i,p,s,i,a,',","
',b,e,r,l,i,n,p,a,p,e,r,s,',","
',E,m,e,r,a,l,d,_,N,u,n,c,h,u,k,',","
',h,i,t,m,a,n,0,7,5,',","
',P,a,u,l,S,c,h,7,2,9,6,9,2,7,6,',","
',u,w,e,2,6,0,1,',","
',s,e,n,o,r,m,a,y,e,r,2,1,',","
',V,a,l,l,i,s,b,l,o,g,',","
',S,M,1,0,0,d,',","
',G,i,s,e,l,a,H,a,a,a,s,e,',","
',B,e,a,m,s,_,G,a,m,e,',","
',a,b,e,t,s,e,l,i,n,a,',","
',N,o,b,b,y,1,9,4,9,Z,',","
',Z,u,k,u,n,f,t,C,H,',","
',R,i,l,a,n,a,4,1,',","
',b,m,u,o,n,l,i,n,e,',","
',O,e,h,z,e,n,M,i,r,i,a,m,',","
',d,o,n,l,w,l,',","
',d,r,o,p,e,a,v,e,s,',","
',K,o,l,i,b,r,i,R,o,s,a,d,o,',","
',w,o,r,d,s,4,f,r,e,e,',","
',J,D,o,r,n,S,X,M,',","
',b,a,n,_,p,h,o,n,s,u,n,g,',","
',F,e,l,i,c,i,a,n,i,8,4,',","
',H,H,O,l,d,b,o,y,',","
',d,o,p,p,e,l,5,0,0,',","
',p,o,l,i,t,i,r,o,n,i,e,',","
',G,e,s,i,n,n,u,n,g,s,l,a,e,r,m,',","
',p,o,s,c,h,u,e,t,z,g,e,',","
',z,i,e,m,l,i,c,h,_,s,t,a,r,k,',","
',A,f,d,M,a,t,z,k,e,',","
',l,a,u,s,i,t,z,m,a,n,',","
',R,E,t,z,l,s,t,o,r,f,e,r,',","
',D,i,d,i,F,r,e,i,h,e,i,t,',","
',D,i,r,k,d,e,r,K,a,i,s,e,r,',","
',d,r,a,x,k,r,i,e,g,e,r,',","
',D,e,r,P,a,t,r,i,o,t,D,E,',","
',m,a,x,k,l,a,r,t,e,x,t,',","
',R,u,d,i,s,a,g,m,a,l,',","
',t,e,s,s,_,m,c,_,k,a,y,',","
',B,i,l,B,u,H,a,_,i,R,',","
',S,u,p,a,d,i,c,d,i,c,',","
',u,w,e,_,k,a,m,a,n,n,',","
',B,c,h,n,e,r,2,',","
',u,d,o,_,g,r,e,u,e,l,',","
',N,a,s,t,a,s,s,s,j,a,',","
',m,i,c,h,i,s,t,e,l,l,e,',","
',r,a,g,g,n,a,1,1,1,',","
',H,o,m,e,b,o,y,H,e,i,n,r,i,c,h,',","
',n,i,t,t,o,m,',","
',P,a,c,k,W,e,l,c,o,m,e,',","
',n,i,p,n,u,p,s,',","
',G,G,o,s,e,b,r,e,c,h,t,',","
',D,e,u,t,s,c,h,l,a,e,n,d,e,r,1,',","
',N,S,O,b,e,r,b,e,r,g,',","
',G,e,f,r,K,a,m,n,i,t,z,e,r,',","
',s,c,h,a,l,o,m,i,',","
',A,i,S,a,r,d,e,g,n,a,',","
',E,u,r,o,p,a,_,N,o,s,t,r,a,',","
',S,w,i,n,g,t,a,n,z,',","
',t,h,o,m,a,s,1,9,6,9,e,r,',","
',m,a,i,_,t,h,a,i,7,7,',","
',B,u,k,o,w,s,k,i,s,N,e,p,h,e,w,',","
',e,l,b,e,w,e,l,l,e,',","
',B,u,n,d,4,e,v,e,r,',","
',J,i,g,g,y,1,8,7,',","
',L,u,k,e,f,r,o,m,G,e,r,',","
',A,f,D,L,i,c,h,t,e,n,b,e,r,g,',","
',C,D,o,n,c,l,a,u,s,',","
',F,r,a,u,e,n,p,a,n,o,r,a,m,a,',","
',P,_,S,o,n,n,e,n,a,n,b,e,t,e,r,',","
',H,a,n,s,_,J,_,P,e,t,e,r,',","
',W,e,d,e,l,p,r,i,n,z,',","
',K,l,a,u,s,D,F,r,a,n,k,',","
',g,e,r,g,r,u,b,i,',","
',k,l,a,u,s,m,e,i,e,r,0,1,0,4,',","
',r,a,n,t,a,n,p,l,a,n,1,4,1,2,',","
',k,e,k,i,s,t,a,n,i,1,',","
',e,v,e,l,i,x,2,6,',","
',h,e,s,s,e,n,b,u,r,s,c,h,e,',","
',J,u,t,t,a,M,B,r,a,n,d,t,',","
',g,e,l,i,9,0,0,1,',","
',C,_,S,i,d,o,r,o,w,',","
',g,o,d,e,f,r,o,y,9,9,',","
',G,e,k,k,o,1,2,5,',","
',W,e,L,o,v,e,H,a,r,a,m,',","
',f,r,a,g,i,c,h,m,i,c,h,',","
',O,e,d,o,e,n,1,5,2,3,A,D,',","
',l,e,a,k,s,_,n,s,u,',","
',S,e,g,e,l,t,e,x,t,e,r,',","
',G,a,b,e,l,z,a,e,h,l,e,r,',","
',t,h,i,s,_,o,n,e,_,w,o,r,l,d,',","
',L,u,i,c,i,f,e,r,6,',","
',v,e,r,u,s,o,s,s,1,',","
',h,e,r,r,_,h,e,l,m,u,t,',","
',n,u,n,u,_,b,a,l,l,o,o,n,',","
',W,a,l,k,o,f,L,i,f,e,6,6,',","
',D,i,e,t,e,r,_,S,t,e,i,n,',","
',d,e,r,K,o,n,g,o,M,u,e,l,l,e,r,',","
',l,o,s,s,o,r,g,',","
',w,i,n,s,t,o,n,_,g,r,o,o,v,y,',","
',n,e,a,n,d,e,r,7,7,7,',","
',T,h,o,m,a,s,V,e,r,h,e,u,g,e,n,',","
',K,o,p,p,s,c,h,u,e,t,t,l,a,',","
',h,o,h,l,r,a,u,m,s,a,u,s,e,n,',","
',C,i,m,b,a,s,i,',","
',S,t,e,u,e,r,z,a,h,l,e,r,0,1,',","
',a,n,r,e,f,i,',","
',S,k,4,n,d,4,1,',","
',h,e,t,z,p,e,t,z,',","
',U,d,a,i,2,3,5,1,7,9,5,8,',","
',O,K,n,a,u,e,r,',","
',M,_,T,_,F,r,a,n,z,',","
',D,i,e,B,a,j,u,w,a,r,e,n,',","
',d,e,m,o,k,r,a,t,i,e,d,o,c,',","
',f,r,e,d,d,y,n,a,s,e,v,o,l,l,',","
',N,e,w,s,b,o,y,1,8,9,9,',","
',L,e,o,p,o,l,d,i,n,j,o,',","
',L,S,t,e,i,n,w,a,n,d,t,e,r,',","
',v,z,u,s,c,h,a,u,e,r,',","
',l,a,w,r,a,c,k,s,',","
',Y,o,r,c,k,_,',","
',k,n,a,a,g,i,',","
',A,n,d,y,_,S,c,h,1,6,',","
',F,r,e,i,e,s,N,e,t,z,8,8,',","
',A,n,d,r,e,w,R,o,u,s,s,a,k,',","
',2,0,1,8,_,A,f,D,w,a,e,h,l,e,n,',","
',D,i,e,a,a,k,',","
',a,i,n,y,r,o,c,k,s,t,a,r,',","
',f,e,r,n,e,t,p,u,n,k,e,r,',","
',k,r,a,i,n,d,e,',","
',R,o,c,k,o,p,o,r,n,e,r,o,',","
',K,y,b,e,l,i,n,e,',","
',H,e,r,m,a,n,n,M,a,i,e,r,2,3,',","
',m,y,w,o,r,d,s,r,m,e,s,s,a,g,e,',","
',s,c,h,o,t,t,e,n,h,a,m,l,',","
',l,e,o,p,o,l,d,n,i,k,o,n,',","
',h,e,u,t,e,s,n,o,w,',","
',l,a,u,r,i,n,1,5,3,2,0,',","
',O,p,p,r,e,s,s,e,d,F,a,r,t,',","
',D,i,r,k,H,a,f,e,r,m,a,n,n,',","
',k,a,t,o,r,i,n,_,j,o,u,',","
',M,s,t,e,i,n,l,i,n,',","
',w,a,s,z,u,m,e,l,d,e,n,',","
',w,e,n,d,t,_,j,o,a,c,h,i,m,',","
',g,e,g,e,n,U,m,v,o,l,k,u,n,g,',","
',p,e,p,p,e,r,m,i,n,d,',","
',Z,a,r,e,t,t,e,n,',","
',V,P,f,a,f,e,n,r,o,t,',","
',e,u,r,o,z,t,a,r,',","
',t,w,i,t,t,s,c,h,l,e,r,',","
',_,d,e,u,s,_,l,o,_,v,u,l,t,',","
',t,s,c,h,r,a,m,m,e,n,',","
',E,p,i,t,h,e,l,g,e,w,e,b,e,',","
',D,e,r,L,i,u,h,v,a,n,',","
',S,o,B,i,t,t,e,',","
',B,a,r,b,a,r,a,K,u,b,e,',","
',r,w,s,c,h,m,i,d,t,1,',","
',T,w,e,n,t,e,_,C,h,r,i,s,',","
',S,a,r,r,a,K,o,w,s,k,y,',","
',R,a,l,f,4,1,9,9,6,8,2,5,',","
',F,r,e,a,v,o,n,W,e,g,e,n,',","
',R,i,R,o,t,b,',","
',d,i,m,a,9,7,3,',","
',W,o,l,f,H,a,n,s,e,n,',","
',o,s,s,i,1,2,3,2,',","
',M,o,1,9,0,3,1,1,',","
',F,r,i,e,d,r,i,c,h,s,E,r,b,e,',","
',K,o,p,p,R,e,p,o,r,t,',","
',S,c,h,w,a,e,b,l,i,1,',","
',F,o,l,i,e,n,s,c,h,n,i,t,z,e,r,',","
',g,e,l,l,i,s,1,8,',","
',n,v,e,r,i,t,a,t,i,s,',","
',J,u,l,i,a,M,e,r,t,e,n,s,J,M,',","
',I,c,h,2,E,S,',","
',m,i,c,_,e,f,f,',","
',F,r,a,n,z,_,O,h,s,e,',","
',k,r,o,k,o,t,a,s,c,h,e,',","
',D,e,p,l,o,r,a,b,l,e,J,p,',","
',H,a,g,e,n,S,o,n,_,7,1,',","
',D,M,i,t,t,e,l,h,e,s,s,e,',","
',M,a,t,t,F,K,',","
',b,r,u,c,h,h,o,f,6,6,',","
',A,n,n,e,_,Z,i,e,l,i,s,c,h,',","
',d,a,d,e,l,d,i,',","
',f,e,p,B,W,m,',","
',F,r,e,e,W,o,r,l,d,O,n,e,',","
',j,a,t,o,1,2,2,',","
',e,c,k,i,c,g,n,',","
',k,u,e,c,h,e,n,b,u,l,l,e,7,2,',","
',s,c,h,l,u,s,s,e,l,s,z,e,n,e,',","
',P,a,u,l,S,c,h,n,e,i,d,e,r,7,2,',","
',L,u,c,a,H,u,e,r,l,i,m,a,n,n,',","
',R,e,g,e,n,b,e,o,b,a,c,h,t,e,r,',","
',W,h,i,t,e,_,H,a,v,e,n,',","
',x,E,a,s,y,x,',","
',m,a,x,f,c,b,a,y,e,r,n,1,9,9,6,',","
',e,u,r,o,g,e,g,n,e,r,',","
',B,e,s,t,B,i,d,d,e,r,G,i,',","
',D,r,T,h,o,m,a,s,B,r,u,n,s,',","
',T,h,u,e,r,i,n,g,e,n,_,',","
',U,w,e,S,c,h,u,l,z,4,',","
',B,o,e,s,e,s,_,S,c,h,a,f,',","
',m,e,r,d,e,u,x,_,',","
',I,l,l,y,r,i,o,M,',","
',J,a,c,o,b,u,s,_,L,i,f,t,u,s,',","
',D,e,r,_,B,e,r,z,e,l,',","
',K,a,r,l,S,c,h,n,e,i,d,e,r,1,',","
',K,a,f,f,e,e,_,R,a,c,e,r,',","
',M,a,g,e,n,h,e,i,m,E,',","
',p,e,t,e,r,r,o,g,e,r,1,7,',","
',A,B,_,N,a,t,i,o,n,a,l,',","
',g,o,r,d,o,n,_,d,e,i,t,r,i,c,h,',","
',k,o,m,m,e,n,t,a,t,o,r,1,2,3,4,',","
',I,d,e,n,t,i,t,a,e,r,e,_,B,',","
',O,n,e,S,t,e,p,B,a,y,o,n,d,',","
',d,t,p,m,a,k,e,r,',","
',E,y,_,J,a,c,k,s,o,n,',","
',J,a,c,k,_,E,w,i,e,h,o,s,e,',","
',t,i,m,o,n,i,s,c,h,',","
',t,a,n,t,e,g,e,r,d,1,',","
',A,l,t,e,E,l,s,t,e,r,',","
',T,o,r,t,i,_,N,',","
',J,u,n,t,a,2,P,u,s,c,h,k,i,n,',","
',B,e,r,a,p,a,u,l,a,1,9,6,0,',","
',K,l,a,u,s,S,c,h,a,p,e,r,',","
',d,i,m,e,t,r,o,d,o,n,1,0,9,',","
',m,o,r,t,a,l,h,o,p,e,1,',","
',m,y,F,a,v,o,r,i,t,e,K,r,a,u,t,',","
